Punto,x,y

0,388,387

1,399,374

2,388,374

3,399,349

4,388,349

5,399,299

6,388,299

7,399,199

8,388,199

9,387,399

10,387,0

11,387,412

12,375,412

13,387,424

14,375,424

15,387,474

16,375,474

17,387,449

18,375,449

19,399,424

20,388,424

21,399,474

22,388,474

23,399,449

24,388,449

25,387,499

26,387,400

27,387,512

28,375,512

29,387,524

30,375,524

31,387,574

32,375,574

33,387,549

34,375,549

35,399,537

36,388,537

37,399,524

38,388,524

39,399,562

40,388,562

41,399,574

42,388,574

43,399,549

44,388,549

45,387,599

46,387,500

47,399,499

48,375,499

49,387,637

50,375,637

51,387,624

52,375,624

53,387,662

54,375,662

55,387,674

56,375,674

57,387,649

58,375,649

59,387,724

60,375,724

61,387,762

62,375,762

63,387,774

64,375,774

65,387,749

66,375,749

67,387,699

68,375,699

69,399,637

70,388,637

71,399,624

72,388,624

73,399,662

74,388,662

75,399,687

76,388,687

77,399,674

78,388,674

79,399,649

80,388,649

81,399,712

82,388,712

83,399,724

84,388,724

85,399,762

86,388,762

87,399,774

88,388,774

89,399,749

90,388,749

91,399,699

92,388,699

93,387,799

94,387,600

95,399,599

96,375,599

97,399,399

98,375,399

99,374,799

100,374,0

101,349,799

102,349,0

103,299,799

104,299,0

105,199,799

106,199,0

107,412,12

108,400,12

109,412,24

110,400,24

111,412,87

112,400,87

113,412,74

114,400,74

115,412,49

116,400,49

117,412,112

118,400,112

119,412,124

120,400,124

121,412,187

122,400,187

123,412,174

124,400,174

125,412,149

126,400,149

127,412,99

128,400,99

129,412,237

130,400,237

131,412,224

132,400,224

133,412,274

134,400,274

135,412,249

136,400,249

137,412,312

138,400,312

139,412,324

140,400,324

141,412,362

142,400,362

143,412,374

144,400,374

145,412,349

146,400,349

147,412,299

148,400,299

149,412,199

150,400,199

151,412,412

152,400,412

153,412,424

154,400,424

155,412,462

156,400,462

157,412,487

158,400,487

159,412,474

160,400,474

161,412,449

162,400,449

163,412,512

164,400,512

165,412,524

166,400,524

167,412,587

168,400,587

169,412,574

170,400,574

171,412,549

172,400,549

173,412,499

174,400,499

175,412,624

176,400,624

177,412,662

178,400,662

179,412,674

180,400,674

181,412,649

182,400,649

183,412,712

184,400,712

185,412,737

186,400,737

187,412,724

188,400,724

189,412,774

190,400,774

191,412,749

192,400,749

193,412,699

194,400,699

195,412,599

196,400,599

197,412,399

198,400,399

199,424,12

200,413,12

201,424,24

202,413,24

203,424,74

204,413,74

205,424,49

206,413,49

207,424,112

208,413,112

209,424,124

210,413,124

211,424,162

212,413,162

213,424,187

214,413,187

215,424,174

216,413,174

217,424,149

218,413,149

219,424,99

220,413,99

221,424,237

222,413,237

223,424,224

224,413,224

225,424,274

226,413,274

227,424,249

228,413,249

229,424,312

230,413,312

231,424,337

232,413,337

233,424,324

234,413,324

235,424,374

236,413,374

237,424,349

238,413,349

239,424,299

240,413,299

241,424,199

242,413,199

243,424,412

244,413,412

245,424,437

246,413,437

247,424,424

248,413,424

249,424,487

250,413,487

251,424,474

252,413,474

253,424,449

254,413,449

255,424,524

256,413,524

257,424,574

258,413,574

259,424,549

260,413,549

261,424,499

262,413,499

263,424,624

264,413,624

265,424,662

266,413,662

267,424,674

268,413,674

269,424,649

270,413,649

271,424,712

272,413,712

273,424,737

274,413,737

275,424,724

276,413,724

277,424,762

278,413,762

279,424,787

280,413,787

281,424,774

282,413,774

283,424,749

284,413,749

285,424,699

286,413,699

287,424,599

288,413,599

289,424,399

290,413,399

291,412,799

292,412,0

293,449,37

294,425,37

295,449,24

296,425,24

297,449,62

298,425,62

299,437,99

300,437,75

301,449,74

302,425,74

303,449,49

304,425,49

305,437,112

306,425,112

307,437,137

308,425,137

309,437,124

310,425,124

311,449,137

312,438,137

313,449,124

314,438,124

315,437,149

316,437,100

317,437,162

318,425,162

319,437,174

320,425,174

321,449,187

322,438,187

323,449,174

324,438,174

325,437,199

326,437,150

327,449,149

328,425,149

329,449,99

330,425,99

331,437,212

332,425,212

333,437,237

334,425,237

335,437,224

336,425,224

337,437,262

338,425,262

339,437,274

340,425,274

341,437,249

342,425,249

343,437,337

344,425,337

345,437,324

346,425,324

347,437,362

348,425,362

349,437,387

350,425,387

351,437,374

352,425,374

353,437,349

354,425,349

355,437,299

356,425,299

357,449,224

358,438,224

359,449,274

360,438,274

361,449,249

362,438,249

363,449,312

364,438,312

365,449,337

366,438,337

367,449,324

368,438,324

369,449,387

370,438,387

371,449,374

372,438,374

373,449,349

374,438,349

375,449,299

376,438,299

377,437,399

378,437,200

379,449,199

380,425,199

381,437,412

382,425,412

383,437,424

384,425,424

385,437,474

386,425,474

387,437,449

388,425,449

389,437,537

390,425,537

391,437,524

392,425,524

393,437,587

394,425,587

395,437,574

396,425,574

397,437,549

398,425,549

399,437,499

400,425,499

401,449,437

402,438,437

403,449,424

404,438,424

405,449,462

406,438,462

407,449,474

408,438,474

409,449,449

410,438,449

411,449,512

412,438,512

413,449,524

414,438,524

415,449,587

416,438,587

417,449,574

418,438,574

419,449,549

420,438,549

421,449,499

422,438,499

423,437,599

424,437,400

425,437,624

426,425,624

427,449,637

428,438,637

429,449,624

430,438,624

431,437,649

432,437,600

433,437,662

434,425,662

435,437,687

436,425,687

437,437,674

438,425,674

439,449,662

440,438,662

441,449,674

442,438,674

443,437,699

444,437,650

445,449,649

446,425,649

447,437,712

448,425,712

449,437,724

450,437,700

451,437,737

452,425,737

453,437,749

454,437,725

455,449,724

456,425,724

457,437,799

458,437,788

459,449,787

460,425,787

461,449,774

462,425,774

463,449,749

464,425,749

465,449,699

466,425,699

467,449,599

468,425,599

469,449,399

470,425,399

471,424,799

472,424,0

473,462,12

474,450,12

475,462,37

476,450,37

477,462,24

478,450,24

479,462,62

480,450,62

481,462,87

482,450,87

483,462,74

484,450,74

485,462,49

486,450,49

487,462,137

488,450,137

489,462,124

490,450,124

491,462,174

492,450,174

493,462,149

494,450,149

495,462,99

496,450,99

497,462,212

498,450,212

499,462,237

500,450,237

501,462,224

502,450,224

503,462,262

504,450,262

505,462,287

506,450,287

507,462,274

508,450,274

509,462,249

510,450,249

511,462,337

512,450,337

513,462,324

514,450,324

515,462,362

516,450,362

517,462,387

518,450,387

519,462,374

520,450,374

521,462,349

522,450,349

523,462,299

524,450,299

525,462,199

526,450,199

527,474,37

528,463,37

529,474,24

530,463,24

531,474,62

532,463,62

533,474,87

534,463,87

535,474,74

536,463,74

537,474,49

538,463,49

539,474,112

540,463,112

541,474,137

542,463,137

543,474,124

544,463,124

545,474,187

546,463,187

547,474,174

548,463,174

549,474,149

550,463,149

551,474,99

552,463,99

553,474,224

554,463,224

555,474,262

556,463,262

557,474,274

558,463,274

559,474,249

560,463,249

561,474,337

562,463,337

563,474,324

564,463,324

565,474,387

566,463,387

567,474,374

568,463,374

569,474,349

570,463,349

571,474,299

572,463,299

573,474,199

574,463,199

575,462,399

576,462,0

577,462,437

578,450,437

579,462,424

580,450,424

581,462,462

582,450,462

583,462,474

584,450,474

585,462,449

586,450,449

587,462,512

588,450,512

589,462,537

590,450,537

591,462,524

592,450,524

593,462,574

594,450,574

595,462,549

596,450,549

597,462,499

598,450,499

599,462,612

600,450,612

601,462,624

602,450,624

603,462,674

604,450,674

605,462,649

606,450,649

607,462,712

608,450,712

609,462,724

610,450,724

611,462,787

612,450,787

613,462,774

614,450,774

615,462,749

616,450,749

617,462,699

618,450,699

619,462,599

620,450,599

621,474,424

622,463,424

623,474,474

624,463,474

625,474,449

626,463,449

627,474,512

628,463,512

629,474,537

630,463,537

631,474,524

632,463,524

633,474,587

634,463,587

635,474,574

636,463,574

637,474,549

638,463,549

639,474,499

640,463,499

641,474,612

642,463,612

643,474,637

644,463,637

645,474,624

646,463,624

647,474,662

648,463,662

649,474,687

650,463,687

651,474,674

652,463,674

653,474,649

654,463,649

655,474,737

656,463,737

657,474,724

658,463,724

659,474,787

660,463,787

661,474,774

662,463,774

663,474,749

664,463,749

665,474,699

666,463,699

667,474,599

668,463,599

669,462,799

670,462,400

671,474,399

672,450,399

673,487,12

674,475,12

675,487,37

676,475,37

677,487,24

678,475,24

679,487,74

680,475,74

681,487,49

682,475,49

683,487,112

684,475,112

685,487,137

686,475,137

687,487,124

688,475,124

689,487,187

690,475,187

691,487,174

692,475,174

693,487,149

694,475,149

695,487,99

696,475,99

697,487,237

698,475,237

699,487,224

700,475,224

701,487,262

702,475,262

703,487,287

704,475,287

705,487,274

706,475,274

707,487,249

708,475,249

709,487,337

710,475,337

711,487,324

712,475,324

713,487,374

714,475,374

715,487,349

716,475,349

717,487,299

718,475,299

719,487,199

720,475,199

721,487,412

722,475,412

723,487,424

724,475,424

725,487,474

726,475,474

727,487,449

728,475,449

729,487,537

730,475,537

731,487,524

732,475,524

733,487,562

734,475,562

735,487,587

736,475,587

737,487,574

738,475,574

739,487,549

740,475,549

741,487,499

742,475,499

743,487,612

744,475,612

745,487,624

746,475,624

747,487,674

748,475,674

749,487,649

750,475,649

751,487,724

752,475,724

753,487,787

754,475,787

755,487,774

756,475,774

757,487,749

758,475,749

759,487,699

760,475,699

761,487,599

762,475,599

763,487,399

764,475,399

765,499,37

766,488,37

767,499,24

768,488,24

769,499,62

770,488,62

771,499,74

772,488,74

773,499,49

774,488,49

775,499,137

776,488,137

777,499,124

778,488,124

779,499,187

780,488,187

781,499,174

782,488,174

783,499,149

784,488,149

785,499,99

786,488,99

787,499,237

788,488,237

789,499,224

790,488,224

791,499,287

792,488,287

793,499,274

794,488,274

795,499,249

796,488,249

797,499,312

798,488,312

799,499,337

800,488,337

801,499,324

802,488,324

803,499,362

804,488,362

805,499,374

806,488,374

807,499,349

808,488,349

809,499,299

810,488,299

811,499,199

812,488,199

813,499,437

814,488,437

815,499,424

816,488,424

817,499,462

818,488,462

819,499,474

820,488,474

821,499,449

822,488,449

823,499,524

824,488,524

825,499,587

826,488,587

827,499,574

828,488,574

829,499,549

830,488,549

831,499,499

832,488,499

833,499,612

834,488,612

835,499,637

836,488,637

837,499,624

838,488,624

839,499,662

840,488,662

841,499,674

842,488,674

843,499,649

844,488,649

845,499,724

846,488,724

847,499,787

848,488,787

849,499,774

850,488,774

851,499,749

852,488,749

853,499,699

854,488,699

855,499,599

856,488,599

857,499,399

858,488,399

859,487,799

860,487,0

861,474,799

862,474,0

863,449,799

864,449,0

865,512,12

866,500,12

867,512,37

868,500,37

869,512,24

870,500,24

871,512,87

872,500,87

873,512,74

874,500,74

875,512,49

876,500,49

877,512,137

878,500,137

879,512,124

880,500,124

881,512,187

882,500,187

883,512,174

884,500,174

885,512,149

886,500,149

887,512,99

888,500,99

889,512,224

890,500,224

891,512,262

892,500,262

893,512,287

894,500,287

895,512,274

896,500,274

897,512,249

898,500,249

899,512,312

900,500,312

901,512,324

902,500,324

903,512,362

904,500,362

905,512,387

906,500,387

907,512,374

908,500,374

909,512,349

910,500,349

911,512,299

912,500,299

913,512,199

914,500,199

915,512,412

916,500,412

917,512,424

918,500,424

919,512,474

920,500,474

921,512,449

922,500,449

923,512,524

924,500,524

925,512,562

926,500,562

927,512,587

928,500,587

929,512,574

930,500,574

931,512,549

932,500,549

933,512,499

934,500,499

935,512,624

936,500,624

937,512,662

938,500,662

939,512,674

940,500,674

941,512,649

942,500,649

943,512,712

944,500,712

945,512,724

946,500,724

947,512,787

948,500,787

949,512,774

950,500,774

951,512,749

952,500,749

953,512,699

954,500,699

955,512,599

956,500,599

957,512,399

958,500,399

959,524,37

960,513,37

961,524,24

962,513,24

963,524,74

964,513,74

965,524,49

966,513,49

967,524,112

968,513,112

969,524,124

970,513,124

971,524,162

972,513,162

973,524,174

974,513,174

975,524,149

976,513,149

977,524,99

978,513,99

979,524,237

980,513,237

981,524,224

982,513,224

983,524,262

984,513,262

985,524,287

986,513,287

987,524,274

988,513,274

989,524,249

990,513,249

991,524,324

992,513,324

993,524,362

994,513,362

995,524,387

996,513,387

997,524,374

998,513,374

999,524,349

1000,513,349

1001,524,299

1002,513,299

1003,524,199

1004,513,199

1005,524,437

1006,513,437

1007,524,424

1008,513,424

1009,524,487

1010,513,487

1011,524,474

1012,513,474

1013,524,449

1014,513,449

1015,524,512

1016,513,512

1017,524,537

1018,513,537

1019,524,524

1020,513,524

1021,524,562

1022,513,562

1023,524,587

1024,513,587

1025,524,574

1026,513,574

1027,524,549

1028,513,549

1029,524,499

1030,513,499

1031,524,612

1032,513,612

1033,524,624

1034,513,624

1035,524,674

1036,513,674

1037,524,649

1038,513,649

1039,524,724

1040,513,724

1041,524,762

1042,513,762

1043,524,774

1044,513,774

1045,524,749

1046,513,749

1047,524,699

1048,513,699

1049,524,599

1050,513,599

1051,524,399

1052,513,399

1053,512,799

1054,512,0

1055,537,24

1056,525,24

1057,549,12

1058,538,12

1059,549,37

1060,538,37

1061,549,24

1062,538,24

1063,537,49

1064,537,0

1065,537,87

1066,525,87

1067,537,74

1068,525,74

1069,549,74

1070,538,74

1071,537,99

1072,537,50

1073,549,49

1074,525,49

1075,537,112

1076,525,112

1077,537,137

1078,525,137

1079,537,124

1080,525,124

1081,549,112

1082,538,112

1083,549,124

1084,538,124

1085,537,149

1086,537,100

1087,537,162

1088,525,162

1089,537,174

1090,525,174

1091,549,162

1092,538,162

1093,549,187

1094,538,187

1095,549,174

1096,538,174

1097,537,199

1098,537,150

1099,549,149

1100,525,149

1101,549,99

1102,525,99

1103,537,212

1104,525,212

1105,537,224

1106,537,200

1107,549,237

1108,538,237

1109,537,249

1110,537,225

1111,549,224

1112,525,224

1113,537,262

1114,525,262

1115,549,262

1116,538,262

1117,537,274

1118,537,250

1119,537,287

1120,537,275

1121,537,299

1122,537,288

1123,549,287

1124,525,287

1125,549,274

1126,525,274

1127,549,249

1128,525,249

1129,537,324

1130,525,324

1131,549,324

1132,538,324

1133,537,349

1134,537,300

1135,549,362

1136,538,362

1137,537,374

1138,537,350

1139,549,374

1140,525,374

1141,549,349

1142,525,349

1143,549,299

1144,525,299

1145,549,199

1146,525,199

1147,537,424

1148,537,400

1149,549,437

1150,538,437

1151,537,449

1152,537,425

1153,549,424

1154,525,424

1155,549,474

1156,525,474

1157,549,449

1158,525,449

1159,537,537

1160,525,537

1161,537,524

1162,525,524

1163,549,524

1164,538,524

1165,537,549

1166,537,500

1167,537,587

1168,525,587

1169,537,574

1170,525,574

1171,549,562

1172,538,562

1173,549,574

1174,538,574

1175,537,599

1176,537,550

1177,549,549

1178,525,549

1179,549,499

1180,525,499

1181,537,612

1182,525,612

1183,537,637

1184,525,637

1185,537,624

1186,525,624

1187,537,674

1188,525,674

1189,537,649

1190,525,649

1191,537,737

1192,525,737

1193,537,724

1194,525,724

1195,537,762

1196,525,762

1197,537,787

1198,525,787

1199,537,774

1200,525,774

1201,537,749

1202,525,749

1203,537,699

1204,525,699

1205,549,612

1206,538,612

1207,549,624

1208,538,624

1209,549,674

1210,538,674

1211,549,649

1212,538,649

1213,549,724

1214,538,724

1215,549,787

1216,538,787

1217,549,774

1218,538,774

1219,549,749

1220,538,749

1221,549,699

1222,538,699

1223,537,799

1224,537,600

1225,549,599

1226,525,599

1227,549,399

1228,525,399

1229,524,799

1230,524,0

1231,562,37

1232,550,37

1233,562,24

1234,550,24

1235,562,87

1236,550,87

1237,562,74

1238,550,74

1239,562,49

1240,550,49

1241,562,124

1242,550,124

1243,562,162

1244,550,162

1245,562,187

1246,550,187

1247,562,174

1248,550,174

1249,562,149

1250,550,149

1251,562,99

1252,550,99

1253,562,237

1254,550,237

1255,562,224

1256,550,224

1257,562,274

1258,550,274

1259,562,249

1260,550,249

1261,562,312

1262,550,312

1263,562,324

1264,550,324

1265,562,374

1266,550,374

1267,562,349

1268,550,349

1269,562,299

1270,550,299

1271,562,199

1272,550,199

1273,562,437

1274,550,437

1275,562,424

1276,550,424

1277,562,462

1278,550,462

1279,562,487

1280,550,487

1281,562,474

1282,550,474

1283,562,449

1284,550,449

1285,562,512

1286,550,512

1287,562,537

1288,550,537

1289,562,524

1290,550,524

1291,562,574

1292,550,574

1293,562,549

1294,550,549

1295,562,499

1296,550,499

1297,562,637

1298,550,637

1299,562,624

1300,550,624

1301,562,662

1302,550,662

1303,562,674

1304,550,674

1305,562,649

1306,550,649

1307,562,737

1308,550,737

1309,562,724

1310,550,724

1311,562,774

1312,550,774

1313,562,749

1314,550,749

1315,562,699

1316,550,699

1317,562,599

1318,550,599

1319,562,399

1320,550,399

1321,574,12

1322,563,12

1323,574,37

1324,563,37

1325,574,24

1326,563,24

1327,574,87

1328,563,87

1329,574,74

1330,563,74

1331,574,49

1332,563,49

1333,574,112

1334,563,112

1335,574,124

1336,563,124

1337,574,187

1338,563,187

1339,574,174

1340,563,174

1341,574,149

1342,563,149

1343,574,99

1344,563,99

1345,574,237

1346,563,237

1347,574,224

1348,563,224

1349,574,274

1350,563,274

1351,574,249

1352,563,249

1353,574,312

1354,563,312

1355,574,324

1356,563,324

1357,574,387

1358,563,387

1359,574,374

1360,563,374

1361,574,349

1362,563,349

1363,574,299

1364,563,299

1365,574,199

1366,563,199

1367,574,424

1368,563,424

1369,574,474

1370,563,474

1371,574,449

1372,563,449

1373,574,537

1374,563,537

1375,574,524

1376,563,524

1377,574,587

1378,563,587

1379,574,574

1380,563,574

1381,574,549

1382,563,549

1383,574,499

1384,563,499

1385,574,637

1386,563,637

1387,574,624

1388,563,624

1389,574,674

1390,563,674

1391,574,649

1392,563,649

1393,574,712

1394,563,712

1395,574,724

1396,563,724

1397,574,762

1398,563,762

1399,574,774

1400,563,774

1401,574,749

1402,563,749

1403,574,699

1404,563,699

1405,574,599

1406,563,599

1407,574,399

1408,563,399

1409,562,799

1410,562,0

1411,587,12

1412,575,12

1413,587,24

1414,575,24

1415,587,87

1416,575,87

1417,587,74

1418,575,74

1419,587,49

1420,575,49

1421,587,124

1422,575,124

1423,587,174

1424,575,174

1425,587,149

1426,575,149

1427,587,99

1428,575,99

1429,587,237

1430,575,237

1431,587,224

1432,575,224

1433,587,262

1434,575,262

1435,587,287

1436,575,287

1437,587,274

1438,575,274

1439,587,249

1440,575,249

1441,587,312

1442,575,312

1443,587,337

1444,575,337

1445,587,324

1446,575,324

1447,587,362

1448,575,362

1449,587,374

1450,575,374

1451,587,349

1452,575,349

1453,587,299

1454,575,299

1455,587,199

1456,575,199

1457,599,24

1458,588,24

1459,599,87

1460,588,87

1461,599,74

1462,588,74

1463,599,49

1464,588,49

1465,599,124

1466,588,124

1467,599,162

1468,588,162

1469,599,174

1470,588,174

1471,599,149

1472,588,149

1473,599,99

1474,588,99

1475,599,224

1476,588,224

1477,599,262

1478,588,262

1479,599,274

1480,588,274

1481,599,249

1482,588,249

1483,599,312

1484,588,312

1485,599,324

1486,588,324

1487,599,374

1488,588,374

1489,599,349

1490,588,349

1491,599,299

1492,588,299

1493,599,199

1494,588,199

1495,587,399

1496,587,0

1497,587,412

1498,575,412

1499,587,424

1500,575,424

1501,587,462

1502,575,462

1503,587,474

1504,575,474

1505,587,449

1506,575,449

1507,587,512

1508,575,512

1509,587,537

1510,575,537

1511,587,524

1512,575,524

1513,587,562

1514,575,562

1515,587,587

1516,575,587

1517,587,574

1518,575,574

1519,587,549

1520,575,549

1521,587,499

1522,575,499

1523,599,437

1524,588,437

1525,599,424

1526,588,424

1527,599,462

1528,588,462

1529,599,474

1530,588,474

1531,599,449

1532,588,449

1533,599,537

1534,588,537

1535,599,524

1536,588,524

1537,599,574

1538,588,574

1539,599,549

1540,588,549

1541,599,499

1542,588,499

1543,587,599

1544,587,400

1545,587,637

1546,575,637

1547,587,624

1548,575,624

1549,587,662

1550,575,662

1551,587,687

1552,575,687

1553,587,674

1554,575,674

1555,587,649

1556,575,649

1557,587,737

1558,575,737

1559,587,724

1560,575,724

1561,587,762

1562,575,762

1563,587,774

1564,575,774

1565,587,749

1566,575,749

1567,587,699

1568,575,699

1569,599,612

1570,588,612

1571,599,624

1572,588,624

1573,599,674

1574,588,674

1575,599,649

1576,588,649

1577,599,737

1578,588,737

1579,599,724

1580,588,724

1581,599,762

1582,588,762

1583,599,787

1584,588,787

1585,599,774

1586,588,774

1587,599,749

1588,588,749

1589,599,699

1590,588,699

1591,587,799

1592,587,600

1593,599,599

1594,575,599

1595,599,399

1596,575,399

1597,574,799

1598,574,0

1599,549,799

1600,549,0

1601,499,799

1602,499,0

1603,612,12

1604,600,12

1605,612,37

1606,600,37

1607,612,24

1608,600,24

1609,612,62

1610,600,62

1611,612,74

1612,600,74

1613,612,49

1614,600,49

1615,612,124

1616,600,124

1617,612,162

1618,600,162

1619,612,174

1620,600,174

1621,612,149

1622,600,149

1623,612,99

1624,600,99

1625,612,212

1626,600,212

1627,612,237

1628,600,237

1629,612,224

1630,600,224

1631,612,262

1632,600,262

1633,612,274

1634,600,274

1635,612,249

1636,600,249

1637,612,337

1638,600,337

1639,612,324

1640,600,324

1641,612,374

1642,600,374

1643,612,349

1644,600,349

1645,612,299

1646,600,299

1647,612,199

1648,600,199

1649,612,424

1650,600,424

1651,612,462

1652,600,462

1653,612,487

1654,600,487

1655,612,474

1656,600,474

1657,612,449

1658,600,449

1659,612,512

1660,600,512

1661,612,524

1662,600,524

1663,612,562

1664,600,562

1665,612,574

1666,600,574

1667,612,549

1668,600,549

1669,612,499

1670,600,499

1671,612,624

1672,600,624

1673,612,687

1674,600,687

1675,612,674

1676,600,674

1677,612,649

1678,600,649

1679,612,737

1680,600,737

1681,612,724

1682,600,724

1683,612,774

1684,600,774

1685,612,749

1686,600,749

1687,612,699

1688,600,699

1689,612,599

1690,600,599

1691,612,399

1692,600,399

1693,624,12

1694,613,12

1695,624,24

1696,613,24

1697,624,87

1698,613,87

1699,624,74

1700,613,74

1701,624,49

1702,613,49

1703,624,112

1704,613,112

1705,624,137

1706,613,137

1707,624,124

1708,613,124

1709,624,174

1710,613,174

1711,624,149

1712,613,149

1713,624,99

1714,613,99

1715,624,212

1716,613,212

1717,624,224

1718,613,224

1719,624,287

1720,613,287

1721,624,274

1722,613,274

1723,624,249

1724,613,249

1725,624,312

1726,613,312

1727,624,324

1728,613,324

1729,624,362

1730,613,362

1731,624,374

1732,613,374

1733,624,349

1734,613,349

1735,624,299

1736,613,299

1737,624,199

1738,613,199

1739,624,437

1740,613,437

1741,624,424

1742,613,424

1743,624,462

1744,613,462

1745,624,487

1746,613,487

1747,624,474

1748,613,474

1749,624,449

1750,613,449

1751,624,524

1752,613,524

1753,624,562

1754,613,562

1755,624,587

1756,613,587

1757,624,574

1758,613,574

1759,624,549

1760,613,549

1761,624,499

1762,613,499

1763,624,637

1764,613,637

1765,624,624

1766,613,624

1767,624,674

1768,613,674

1769,624,649

1770,613,649

1771,624,712

1772,613,712

1773,624,724

1774,613,724

1775,624,787

1776,613,787

1777,624,774

1778,613,774

1779,624,749

1780,613,749

1781,624,699

1782,613,699

1783,624,599

1784,613,599

1785,624,399

1786,613,399

1787,612,799

1788,612,0

1789,637,24

1790,625,24

1791,637,74

1792,625,74

1793,637,49

1794,625,49

1795,637,137

1796,625,137

1797,637,124

1798,625,124

1799,637,187

1800,625,187

1801,637,174

1802,625,174

1803,637,149

1804,625,149

1805,637,99

1806,625,99

1807,637,237

1808,625,237

1809,637,224

1810,625,224

1811,637,274

1812,625,274

1813,637,249

1814,625,249

1815,637,324

1816,625,324

1817,637,362

1818,625,362

1819,637,387

1820,625,387

1821,637,374

1822,625,374

1823,637,349

1824,625,349

1825,637,299

1826,625,299

1827,637,199

1828,625,199

1829,637,424

1830,625,424

1831,637,462

1832,625,462

1833,637,487

1834,625,487

1835,637,474

1836,625,474

1837,637,449

1838,625,449

1839,637,524

1840,625,524

1841,637,587

1842,625,587

1843,637,574

1844,625,574

1845,637,549

1846,625,549

1847,637,499

1848,625,499

1849,637,612

1850,625,612

1851,637,624

1852,625,624

1853,637,674

1854,625,674

1855,637,649

1856,625,649

1857,637,724

1858,625,724

1859,637,787

1860,625,787

1861,637,774

1862,625,774

1863,637,749

1864,625,749

1865,637,699

1866,625,699

1867,637,599

1868,625,599

1869,637,399

1870,625,399

1871,649,37

1872,638,37

1873,649,24

1874,638,24

1875,649,62

1876,638,62

1877,649,74

1878,638,74

1879,649,49

1880,638,49

1881,649,112

1882,638,112

1883,649,124

1884,638,124

1885,649,162

1886,638,162

1887,649,174

1888,638,174

1889,649,149

1890,638,149

1891,649,99

1892,638,99

1893,649,224

1894,638,224

1895,649,274

1896,638,274

1897,649,249

1898,638,249

1899,649,324

1900,638,324

1901,649,374

1902,638,374

1903,649,349

1904,638,349

1905,649,299

1906,638,299

1907,649,199

1908,638,199

1909,649,437

1910,638,437

1911,649,424

1912,638,424

1913,649,462

1914,638,462

1915,649,487

1916,638,487

1917,649,474

1918,638,474

1919,649,449

1920,638,449

1921,649,537

1922,638,537

1923,649,524

1924,638,524

1925,649,587

1926,638,587

1927,649,574

1928,638,574

1929,649,549

1930,638,549

1931,649,499

1932,638,499

1933,649,612

1934,638,612

1935,649,624

1936,638,624

1937,649,662

1938,638,662

1939,649,674

1940,638,674

1941,649,649

1942,638,649

1943,649,737

1944,638,737

1945,649,724

1946,638,724

1947,649,787

1948,638,787

1949,649,774

1950,638,774

1951,649,749

1952,638,749

1953,649,699

1954,638,699

1955,649,599

1956,638,599

1957,649,399

1958,638,399

1959,637,799

1960,637,0

1961,624,799

1962,624,0

1963,662,12

1964,650,12

1965,662,24

1966,650,24

1967,662,62

1968,650,62

1969,662,74

1970,650,74

1971,662,49

1972,650,49

1973,662,112

1974,650,112

1975,662,137

1976,650,137

1977,662,124

1978,650,124

1979,662,187

1980,650,187

1981,662,174

1982,650,174

1983,662,149

1984,650,149

1985,662,99

1986,650,99

1987,662,212

1988,650,212

1989,662,237

1990,650,237

1991,662,224

1992,650,224

1993,662,262

1994,650,262

1995,662,287

1996,650,287

1997,662,274

1998,650,274

1999,662,249

2000,650,249

2001,662,324

2002,650,324

2003,662,362

2004,650,362

2005,662,374

2006,650,374

2007,662,349

2008,650,349

2009,662,299

2010,650,299

2011,662,199

2012,650,199

2013,674,37

2014,663,37

2015,674,24

2016,663,24

2017,674,74

2018,663,74

2019,674,49

2020,663,49

2021,674,112

2022,663,112

2023,674,137

2024,663,137

2025,674,124

2026,663,124

2027,674,162

2028,663,162

2029,674,174

2030,663,174

2031,674,149

2032,663,149

2033,674,99

2034,663,99

2035,674,212

2036,663,212

2037,674,224

2038,663,224

2039,674,274

2040,663,274

2041,674,249

2042,663,249

2043,674,324

2044,663,324

2045,674,374

2046,663,374

2047,674,349

2048,663,349

2049,674,299

2050,663,299

2051,674,199

2052,663,199

2053,662,399

2054,662,0

2055,662,412

2056,650,412

2057,662,424

2058,650,424

2059,662,462

2060,650,462

2061,662,474

2062,650,474

2063,662,449

2064,650,449

2065,662,512

2066,650,512

2067,662,524

2068,650,524

2069,662,562

2070,650,562

2071,662,574

2072,650,574

2073,662,549

2074,650,549

2075,662,499

2076,650,499

2077,674,412

2078,663,412

2079,674,424

2080,663,424

2081,674,474

2082,663,474

2083,674,449

2084,663,449

2085,674,524

2086,663,524

2087,674,562

2088,663,562

2089,674,587

2090,663,587

2091,674,574

2092,663,574

2093,674,549

2094,663,549

2095,674,499

2096,663,499

2097,662,599

2098,662,400

2099,662,612

2100,650,612

2101,662,637

2102,650,637

2103,662,624

2104,650,624

2105,674,624

2106,663,624

2107,662,649

2108,662,600

2109,662,687

2110,650,687

2111,674,687

2112,663,687

2113,662,699

2114,662,675

2115,674,674

2116,650,674

2117,674,649

2118,650,649

2119,662,712

2120,662,700

2121,674,712

2122,650,712

2123,662,737

2124,650,737

2125,662,749

2126,662,725

2127,674,724

2128,650,724

2129,674,762

2130,650,762

2131,674,774

2132,650,774

2133,674,749

2134,650,749

2135,674,699

2136,650,699

2137,674,599

2138,650,599

2139,674,399

2140,650,399

2141,687,24

2142,675,24

2143,687,74

2144,675,74

2145,687,49

2146,675,49

2147,699,24

2148,688,24

2149,699,87

2150,688,87

2151,699,74

2152,688,74

2153,699,49

2154,688,49

2155,687,99

2156,687,0

2157,699,112

2158,688,112

2159,687,124

2160,687,100

2161,687,137

2162,687,125

2163,687,149

2164,687,138

2165,699,137

2166,675,137

2167,699,124

2168,675,124

2169,687,162

2170,675,162

2171,687,174

2172,675,174

2173,699,187

2174,688,187

2175,699,174

2176,688,174

2177,687,199

2178,687,150

2179,699,149

2180,675,149

2181,699,99

2182,675,99

2183,687,212

2184,675,212

2185,687,224

2186,675,224

2187,687,274

2188,675,274

2189,687,249

2190,675,249

2191,687,324

2192,675,324

2193,687,387

2194,675,387

2195,687,374

2196,675,374

2197,687,349

2198,675,349

2199,687,299

2200,675,299

2201,699,212

2202,688,212

2203,699,237

2204,688,237

2205,699,224

2206,688,224

2207,699,262

2208,688,262

2209,699,274

2210,688,274

2211,699,249

2212,688,249

2213,699,337

2214,688,337

2215,699,324

2216,688,324

2217,699,362

2218,688,362

2219,699,374

2220,688,374

2221,699,349

2222,688,349

2223,699,299

2224,688,299

2225,687,399

2226,687,200

2227,699,199

2228,675,199

2229,687,437

2230,675,437

2231,687,424

2232,675,424

2233,687,487

2234,675,487

2235,687,474

2236,675,474

2237,687,449

2238,675,449

2239,687,524

2240,675,524

2241,687,562

2242,675,562

2243,687,574

2244,675,574

2245,687,549

2246,675,549

2247,687,499

2248,675,499

2249,699,437

2250,688,437

2251,699,424

2252,688,424

2253,699,462

2254,688,462

2255,699,487

2256,688,487

2257,699,474

2258,688,474

2259,699,449

2260,688,449

2261,699,512

2262,688,512

2263,699,524

2264,688,524

2265,699,574

2266,688,574

2267,699,549

2268,688,549

2269,699,499

2270,688,499

2271,687,599

2272,687,400

2273,687,612

2274,675,612

2275,687,637

2276,675,637

2277,687,624

2278,675,624

2279,687,662

2280,675,662

2281,687,687

2282,675,687

2283,687,674

2284,675,674

2285,687,649

2286,675,649

2287,687,737

2288,675,737

2289,687,724

2290,675,724

2291,687,762

2292,675,762

2293,687,774

2294,675,774

2295,687,749

2296,675,749

2297,687,699

2298,675,699

2299,699,612

2300,688,612

2301,699,624

2302,688,624

2303,699,662

2304,688,662

2305,699,687

2306,688,687

2307,699,674

2308,688,674

2309,699,649

2310,688,649

2311,699,712

2312,688,712

2313,699,737

2314,688,737

2315,699,724

2316,688,724

2317,699,787

2318,688,787

2319,699,774

2320,688,774

2321,699,749

2322,688,749

2323,699,699

2324,688,699

2325,687,799

2326,687,600

2327,699,599

2328,675,599

2329,699,399

2330,675,399

2331,674,799

2332,674,0

2333,649,799

2334,649,0

2335,712,12

2336,700,12

2337,712,24

2338,700,24

2339,712,62

2340,700,62

2341,712,87

2342,700,87

2343,712,74

2344,700,74

2345,712,49

2346,700,49

2347,712,112

2348,700,112

2349,712,137

2350,700,137

2351,712,124

2352,700,124

2353,712,187

2354,700,187

2355,712,174

2356,700,174

2357,712,149

2358,700,149

2359,712,99

2360,700,99

2361,724,37

2362,713,37

2363,724,24

2364,713,24

2365,724,87

2366,713,87

2367,724,74

2368,713,74

2369,724,49

2370,713,49

2371,724,112

2372,713,112

2373,724,137

2374,713,137

2375,724,124

2376,713,124

2377,724,174

2378,713,174

2379,724,149

2380,713,149

2381,724,99

2382,713,99

2383,712,199

2384,712,0

2385,712,237

2386,700,237

2387,712,224

2388,700,224

2389,712,262

2390,700,262

2391,712,287

2392,700,287

2393,712,274

2394,700,274

2395,712,249

2396,700,249

2397,712,337

2398,700,337

2399,712,324

2400,700,324

2401,712,374

2402,700,374

2403,712,349

2404,700,349

2405,712,299

2406,700,299

2407,724,237

2408,713,237

2409,724,224

2410,713,224

2411,724,287

2412,713,287

2413,724,274

2414,713,274

2415,724,249

2416,713,249

2417,724,324

2418,713,324

2419,724,387

2420,713,387

2421,724,374

2422,713,374

2423,724,349

2424,713,349

2425,724,299

2426,713,299

2427,712,399

2428,712,200

2429,724,199

2430,700,199

2431,712,424

2432,700,424

2433,712,462

2434,700,462

2435,712,474

2436,700,474

2437,712,449

2438,700,449

2439,712,524

2440,700,524

2441,712,574

2442,700,574

2443,712,549

2444,700,549

2445,712,499

2446,700,499

2447,712,624

2448,700,624

2449,712,687

2450,700,687

2451,712,674

2452,700,674

2453,712,649

2454,700,649

2455,712,737

2456,700,737

2457,712,724

2458,700,724

2459,712,762

2460,700,762

2461,712,774

2462,700,774

2463,712,749

2464,700,749

2465,712,699

2466,700,699

2467,712,599

2468,700,599

2469,724,437

2470,713,437

2471,724,424

2472,713,424

2473,724,462

2474,713,462

2475,724,474

2476,713,474

2477,724,449

2478,713,449

2479,724,512

2480,713,512

2481,724,524

2482,713,524

2483,724,574

2484,713,574

2485,724,549

2486,713,549

2487,724,499

2488,713,499

2489,724,624

2490,713,624

2491,724,662

2492,713,662

2493,724,687

2494,713,687

2495,724,674

2496,713,674

2497,724,649

2498,713,649

2499,724,712

2500,713,712

2501,724,724

2502,713,724

2503,724,774

2504,713,774

2505,724,749

2506,713,749

2507,724,699

2508,713,699

2509,724,599

2510,713,599

2511,712,799

2512,712,400

2513,724,399

2514,700,399

2515,737,37

2516,725,37

2517,737,24

2518,725,24

2519,737,62

2520,725,62

2521,737,87

2522,725,87

2523,737,74

2524,725,74

2525,737,49

2526,725,49

2527,737,112

2528,725,112

2529,737,137

2530,725,137

2531,737,124

2532,725,124

2533,737,187

2534,725,187

2535,737,174

2536,725,174

2537,737,149

2538,725,149

2539,737,99

2540,725,99

2541,737,224

2542,725,224

2543,737,262

2544,725,262

2545,737,274

2546,725,274

2547,737,249

2548,725,249

2549,737,337

2550,725,337

2551,737,324

2552,725,324

2553,737,362

2554,725,362

2555,737,374

2556,725,374

2557,737,349

2558,725,349

2559,737,299

2560,725,299

2561,737,199

2562,725,199

2563,737,412

2564,725,412

2565,737,424

2566,725,424

2567,737,474

2568,725,474

2569,737,449

2570,725,449

2571,737,524

2572,725,524

2573,737,587

2574,725,587

2575,737,574

2576,725,574

2577,737,549

2578,725,549

2579,737,499

2580,725,499

2581,737,612

2582,725,612

2583,737,637

2584,725,637

2585,737,624

2586,725,624

2587,737,674

2588,725,674

2589,737,649

2590,725,649

2591,737,712

2592,725,712

2593,737,724

2594,725,724

2595,737,762

2596,725,762

2597,737,787

2598,725,787

2599,737,774

2600,725,774

2601,737,749

2602,725,749

2603,737,699

2604,725,699

2605,737,599

2606,725,599

2607,737,399

2608,725,399

2609,749,24

2610,738,24

2611,749,62

2612,738,62

2613,749,87

2614,738,87

2615,749,74

2616,738,74

2617,749,49

2618,738,49

2619,749,112

2620,738,112

2621,749,124

2622,738,124

2623,749,162

2624,738,162

2625,749,174

2626,738,174

2627,749,149

2628,738,149

2629,749,99

2630,738,99

2631,749,237

2632,738,237

2633,749,224

2634,738,224

2635,749,287

2636,738,287

2637,749,274

2638,738,274

2639,749,249

2640,738,249

2641,749,312

2642,738,312

2643,749,324

2644,738,324

2645,749,387

2646,738,387

2647,749,374

2648,738,374

2649,749,349

2650,738,349

2651,749,299

2652,738,299

2653,749,199

2654,738,199

2655,749,437

2656,738,437

2657,749,424

2658,738,424

2659,749,462

2660,738,462

2661,749,474

2662,738,474

2663,749,449

2664,738,449

2665,749,512

2666,738,512

2667,749,524

2668,738,524

2669,749,574

2670,738,574

2671,749,549

2672,738,549

2673,749,499

2674,738,499

2675,749,624

2676,738,624

2677,749,674

2678,738,674

2679,749,649

2680,738,649

2681,749,724

2682,738,724

2683,749,787

2684,738,787

2685,749,774

2686,738,774

2687,749,749

2688,738,749

2689,749,699

2690,738,699

2691,749,599

2692,738,599

2693,749,399

2694,738,399

2695,737,799

2696,737,0

2697,724,799

2698,724,0

2699,762,12

2700,750,12

2701,762,24

2702,750,24

2703,762,74

2704,750,74

2705,762,49

2706,750,49

2707,762,137

2708,750,137

2709,762,124

2710,750,124

2711,762,174

2712,750,174

2713,762,149

2714,750,149

2715,762,99

2716,750,99

2717,774,12

2718,763,12

2719,774,37

2720,763,37

2721,774,24

2722,763,24

2723,774,74

2724,763,74

2725,774,49

2726,763,49

2727,774,112

2728,763,112

2729,774,124

2730,763,124

2731,774,162

2732,763,162

2733,774,174

2734,763,174

2735,774,149

2736,763,149

2737,774,99

2738,763,99

2739,762,199

2740,762,0

2741,762,237

2742,750,237

2743,762,224

2744,750,224

2745,762,262

2746,750,262

2747,762,274

2748,750,274

2749,762,249

2750,750,249

2751,774,212

2752,763,212

2753,774,237

2754,763,237

2755,774,224

2756,763,224

2757,774,262

2758,763,262

2759,774,274

2760,763,274

2761,774,249

2762,763,249

2763,762,299

2764,762,200

2765,762,324

2766,750,324

2767,774,337

2768,763,337

2769,774,324

2770,763,324

2771,762,349

2772,762,300

2773,762,374

2774,750,374

2775,774,362

2776,763,362

2777,774,387

2778,763,387

2779,774,374

2780,763,374

2781,762,399

2782,762,350

2783,774,349

2784,750,349

2785,774,299

2786,750,299

2787,774,199

2788,750,199

2789,762,437

2790,750,437

2791,762,424

2792,750,424

2793,762,462

2794,750,462

2795,762,474

2796,750,474

2797,762,449

2798,750,449

2799,762,524

2800,750,524

2801,762,587

2802,750,587

2803,762,574

2804,750,574

2805,762,549

2806,750,549

2807,762,499

2808,750,499

2809,774,412

2810,763,412

2811,774,424

2812,763,424

2813,774,462

2814,763,462

2815,774,474

2816,763,474

2817,774,449

2818,763,449

2819,774,512

2820,763,512

2821,774,537

2822,763,537

2823,774,524

2824,763,524

2825,774,574

2826,763,574

2827,774,549

2828,763,549

2829,774,499

2830,763,499

2831,762,599

2832,762,400

2833,774,637

2834,763,637

2835,762,649

2836,762,625

2837,774,624

2838,750,624

2839,774,662

2840,763,662

2841,762,674

2842,762,650

2843,762,699

2844,762,675

2845,774,674

2846,750,674

2847,774,649

2848,750,649

2849,762,712

2850,762,700

2851,774,712

2852,750,712

2853,762,749

2854,762,738

2855,774,737

2856,750,737

2857,774,724

2858,750,724

2859,774,774

2860,750,774

2861,774,749

2862,750,749

2863,774,699

2864,750,699

2865,774,599

2866,750,599

2867,774,399

2868,750,399

2869,787,12

2870,775,12

2871,787,37

2872,775,37

2873,787,24

2874,775,24

2875,787,87

2876,775,87

2877,787,74

2878,775,74

2879,787,49

2880,775,49

2881,799,12

2882,788,12

2883,799,37

2884,788,37

2885,799,24

2886,788,24

2887,799,87

2888,788,87

2889,799,74

2890,788,74

2891,799,49

2892,788,49

2893,787,99

2894,787,0

2895,787,112

2896,775,112

2897,787,137

2898,775,137

2899,787,124

2900,775,124

2901,799,124

2902,788,124

2903,787,149

2904,787,100

2905,787,187

2906,775,187

2907,787,174

2908,775,174

2909,799,162

2910,788,162

2911,799,187

2912,788,187

2913,799,174

2914,788,174

2915,787,199

2916,787,150

2917,799,149

2918,775,149

2919,799,99

2920,775,99

2921,787,224

2922,775,224

2923,787,262

2924,775,262

2925,787,274

2926,775,274

2927,787,249

2928,775,249

2929,799,237

2930,799,224

2931,799,262

2932,799,287

2933,799,274

2934,799,249

2935,787,299

2936,787,324

2937,787,362

2938,787,374

2939,787,349

2940,799,312

2941,799,337

2942,799,324

2943,799,387

2944,799,374

2945,799,349

2946,787,399

2947,799,299

2948,799,199

2949,787,437

2950,787,424

2951,787,462

2952,787,474

2953,787,449

2954,787,512

2955,787,537

2956,787,524

2957,787,574

2958,787,549

2959,787,499

2960,787,612

2961,787,624

2962,787,687

2963,787,674

2964,787,649

2965,787,737

2966,787,724

2967,787,787

2968,787,774

2969,787,749

2970,787,699

2971,787,599

2972,799,424

2973,799,487

2974,799,474

2975,799,449

2976,799,537

2977,799,524

2978,799,574

2979,799,549

2980,799,499

2981,799,624

2982,799,662

2983,799,687

2984,799,674

2985,799,649

2986,799,724

2987,799,762

2988,799,787

2989,799,774

2990,799,749

2991,799,699

2992,799,599

2993,787,799

2994,799,399

2995,774,799

2996,749,799

2997,699,799

2998,599,799

2999,399,799